<step title="Incoming Request" date="2026-01-21T10:01:36.494" instance="41d990" url="/deploy?scmType=ExternalGit&amp;isAsync=true" method="POST" type="request" pid="831,1,7" Host="ev-tracker-app.scm.azurewebsites.net" User-Agent="Azure-WebSites-Controller/106.0.7.121" Authorization="Bas..." Expect="100-continue" Content-Length="91" x-ms-request-id="ecb586af-868c-44c2-b537-af0f63167840" X-ARR-LOG-ID="ecb586af-868c-44c2-b537-af0f63167840" CLIENT-IP="20.192.171.2:21018" X-SITE-DEPLOYMENT-ID="ev-tracker-app" WAS-DEFAULT-HOSTNAME="ev-tracker-app.scm.azurewebsites.net" X-MS-PLATFORM-INTERNAL="True" X-Forwarded-Proto="https" X-AppService-Proto="https" X-Forwarded-TlsVersion="1.3" X-WAWS-Unencoded-URL="/deploy?scmType=ExternalGit&amp;isAsync=true" X-Client-IP="20.192.171.2" X-Client-Port="21018" >
  <step title="FetchHandler" date="2026-01-21T10:01:36.542" >
    <step title="GitExeRepository.Initialize" date="2026-01-21T10:01:36.577" >
      <step title="Executing external process" date="2026-01-21T10:01:36.584" type="process" path="git" arguments="init" /><!-- duration: 284ms -->
      <step title="Executing external process" date="2026-01-21T10:01:36.874" type="process" path="git" arguments="config core.autocrlf false" /><!-- duration: 27ms -->
      <step title="Executing external process" date="2026-01-21T10:01:36.906" type="process" path="git" arguments="config core.preloadindex true" /><!-- duration: 22ms -->
      <step title="Executing external process" date="2026-01-21T10:01:36.934" type="process" path="git" arguments="config user.name &quot;unknown&quot;" /><!-- duration: 24ms -->
      <step title="Executing external process" date="2026-01-21T10:01:36.966" type="process" path="git" arguments="config user.email &quot;unknown&quot;" /><!-- duration: 22ms -->
      <step title="Executing external process" date="2026-01-21T10:01:36.993" type="process" path="git" arguments="config filter.lfs.clean &quot;git-lfs clean %f&quot;" /><!-- duration: 28ms -->
      <step title="Executing external process" date="2026-01-21T10:01:37.026" type="process" path="git" arguments="config filter.lfs.smudge &quot;git-lfs smudge %f&quot;" /><!-- duration: 28ms -->
      <step title="Executing external process" date="2026-01-21T10:01:37.062" type="process" path="git" arguments="config filter.lfs.required true" /><!-- duration: 26ms -->
      <step title="Configure git server" date="2026-01-21T10:01:37.096" >
        <step title="Executing external process" date="2026-01-21T10:01:37.106" type="process" path="git" arguments="config receive.denyCurrentBranch ignore" /><!-- duration: 28ms -->
      </step><!-- duration: 44ms -->
      <step title="Create deny users for .git folder" date="2026-01-21T10:01:37.144" /><!-- duration: 50ms -->
      <step title="Configure git-credential" date="2026-01-21T10:01:37.200" >
        <step title="Executing external process" date="2026-01-21T10:01:37.224" type="process" path="git" arguments="config credential.helper &quot;!&apos;/home/site/repository/.git/hooks/git-credential-invalid.sh&apos;&quot;" /><!-- duration: 23ms -->
      </step><!-- duration: 54ms -->
      <step title="Setup post receive hook" date="2026-01-21T10:01:37.259" >
        <step title="Non-Windows enviroment, granting 755 permission to post-receive hook file" date="2026-01-21T10:01:37.286" /><!-- duration: 20ms -->
      </step><!-- duration: 52ms -->
    </step><!-- duration: 741ms -->
    <step title="Executing external process" date="2026-01-21T10:01:37.324" type="process" path="git" arguments="log -n 1 main --" >
      <step title="Process dump" date="2026-01-21T10:01:37.348" exitCode="128" type="processOutput" /><!-- duration: 9ms -->
    </step><!-- duration: 36ms -->
    <step title="Start deployment in the background" date="2026-01-21T10:01:37.367" >
      <step title="Executing external process" date="2026-01-21T10:01:37.384" type="process" path="git" arguments="rev-parse --git-dir" /><!-- duration: 16ms -->
      <step title="Executing external process" date="2026-01-21T10:01:37.438" type="process" path="git" arguments="rev-parse --git-dir" /><!-- duration: 18ms -->
      <step title="Executing external process" date="2026-01-21T10:01:37.462" type="process" path="git" arguments="log -n 1 main --" >
        <step title="Process dump" date="2026-01-21T10:01:37.482" exitCode="128" type="processOutput" /><!-- duration: 5ms -->
      </step><!-- duration: 32ms -->
      <step title="Acquiring Deployment Lock" date="2026-01-21T10:01:37.500" /><!-- duration: 6ms -->
      <step title="Acquired Deployment Lock" date="2026-01-21T10:01:37.561" /><!-- duration: 5ms -->
    </step><!-- duration: 290ms -->
  </step><!-- duration: 1121ms -->
  <step title="Outgoing response" date="2026-01-21T10:01:37.669" type="response" statusCode="202" statusText="Accepted" /><!-- duration: 5ms -->
</step><!-- duration: 1185ms -->
