<step title="BackgroundTrace" date="2026-01-21T10:01:37.374" instance="41d990" url="/deploy" method="POST" >
  <step title="Creating temporary deployment - FetchDeploymentManager" date="2026-01-21T10:01:37.571" /><!-- duration: 4ms -->
  <step title="Creating temporary deployment" date="2026-01-21T10:01:37.581" /><!-- duration: 71ms -->
  <step title="Performing fetch based deployment" date="2026-01-21T10:01:37.874" >
    <step title="Deployment timer started" date="2026-01-21T10:01:42.336" >
      <step title="DeploymentManager.Deploy(id:d70bc1a897d53075c61f07d583fed33d35092f30)" date="2026-01-21T10:01:42.348" >
        <step title="Collecting changeset information" date="2026-01-21T10:01:42.383" /><!-- duration: 120ms -->
        <step title="Updating submodules" date="2026-01-21T10:01:42.511" /><!-- duration: 1143ms -->
        <step title="Determining deployment builder" date="2026-01-21T10:01:43.913" >
          <step title="Builder is OryxBuilder" date="2026-01-21T10:01:43.920" /><!-- duration: 5ms -->
        </step><!-- duration: 17ms -->
        <step title="PreDeployment: context.CleanOutputPath False" date="2026-01-21T10:01:44.006" >
          <step title="PreDeployment: context.OutputPath /home/site/wwwroot" date="2026-01-21T10:01:44.145" >
            <step title="Building" date="2026-01-21T10:01:44.310" >
              <step title="Executing external process" date="2026-01-21T10:01:44.662" type="process" path="bash" arguments="-c &quot;oryx build /home/site/repository -o /home/site/wwwroot --platform nodejs --platform-version 20 -p virtualenv_name= --log-file /tmp/build-debug.log  -i /tmp/8de58d414da41d3 -p compress_node_modules=tar-gz | tee /tmp/oryx-build.log ; exit $PIPESTATUS &quot;" /><!-- duration: 89043ms -->
              <step title="Using GenericDeploymentLogParser" date="2026-01-21T10:03:14.422" /><!-- duration: 7ms -->
              <step title="Triggering recycle (preview mode disabled)." date="2026-01-21T10:03:15.844" /><!-- duration: 7ms -->
              <step title="Modified file to trigger a restart of the app container." date="2026-01-21T10:03:15.911" /><!-- duration: 8ms -->
              <step title="Skip function trigger and logicapp sync because function is not enabled." date="2026-01-21T10:03:15.980" /><!-- duration: 5ms -->
            </step><!-- duration: 92530ms -->
          </step><!-- duration: 92704ms -->
          <step title="Cleaning up temp files" date="2026-01-21T10:03:16.861" /><!-- duration: 728ms -->
          <step title="Cleaning up temp files" date="2026-01-21T10:03:17.594" /><!-- duration: 508ms -->
          <step title="Reloading status file with latest updates" date="2026-01-21T10:03:18.159" >
            <step title="WebHooksManager.PublishEventAsync: PostDeployment" date="2026-01-21T10:03:18.167" /><!-- duration: 191ms -->
          </step><!-- duration: 203ms -->
          <step title="Cleaning up temporary deployment - fetch deployment was successful" date="2026-01-21T10:03:18.371" /><!-- duration: 5ms -->
        </step><!-- duration: 94425ms -->
      </step><!-- duration: 96105ms -->
