<step title="Incoming Request" date="2026-01-21T10:03:43.912" instance="41d990" url="/deploy?scmType=ExternalGit&amp;isAsync=true" method="POST" type="request" pid="831,1,19" Host="ev-tracker-app.scm.azurewebsites.net" User-Agent="Azure-WebSites-Controller/106.0.7.121" Authorization="Bas..." Expect="100-continue" Content-Length="91" x-ms-request-id="d6711f4e-b55e-4f38-9c37-08534107a72c" X-ARR-LOG-ID="d6711f4e-b55e-4f38-9c37-08534107a72c" CLIENT-IP="20.192.171.2:18497" X-SITE-DEPLOYMENT-ID="ev-tracker-app" WAS-DEFAULT-HOSTNAME="ev-tracker-app.scm.azurewebsites.net" X-MS-PLATFORM-INTERNAL="True" X-Forwarded-Proto="https" X-AppService-Proto="https" X-Forwarded-TlsVersion="1.3" X-WAWS-Unencoded-URL="/deploy?scmType=ExternalGit&amp;isAsync=true" X-Client-IP="20.192.171.2" X-Client-Port="18497" >
  <step title="Cleanup Xml Logs" date="2026-01-21T10:03:43.918" /><!-- duration: 9ms -->
  <step title="FetchHandler" date="2026-01-21T10:03:43.942" >
    <step title="Executing external process" date="2026-01-21T10:03:43.998" type="process" path="git" arguments="rev-parse --git-dir" /><!-- duration: 51ms -->
    <step title="Executing external process" date="2026-01-21T10:03:44.060" type="process" path="git" arguments="rev-parse --git-dir" /><!-- duration: 13ms -->
    <step title="Executing external process" date="2026-01-21T10:03:44.077" type="process" path="git" arguments="log -n 1 main --" /><!-- duration: 81ms -->
    <step title="Start deployment in the background" date="2026-01-21T10:03:44.228" >
      <step title="Executing external process" date="2026-01-21T10:03:44.251" type="process" path="git" arguments="rev-parse --git-dir" /><!-- duration: 13ms -->
      <step title="Executing external process" date="2026-01-21T10:03:44.270" type="process" path="git" arguments="rev-parse --git-dir" /><!-- duration: 11ms -->
      <step title="Executing external process" date="2026-01-21T10:03:44.287" type="process" path="git" arguments="log -n 1 main --" /><!-- duration: 21ms -->
      <step title="Acquiring Deployment Lock" date="2026-01-21T10:03:44.316" /><!-- duration: 5ms -->
      <step title="Acquired Deployment Lock" date="2026-01-21T10:03:44.353" /><!-- duration: 4ms -->
    </step><!-- duration: 218ms -->
  </step><!-- duration: 508ms -->
  <step title="Outgoing response" date="2026-01-21T10:03:44.456" type="response" statusCode="202" statusText="Accepted" /><!-- duration: 5ms -->
</step><!-- duration: 554ms -->
