﻿<?xml version="1.0" encoding="utf-8"?>
<deployment>
  <id>d70bc1a897d53075c61f07d583fed33d35092f30</id>
  <author>K</author>
  <deployer>GitHub</deployer>
  <authorEmail>44303527+somecloudguy@users.noreply.github.com</authorEmail>
  <message>Clean rebuild: Express + Cosmos DB with Managed Identity</message>
  <progress></progress>
  <status>Success</status>
  <statusText></statusText>
  <lastSuccessEndTime>2026-01-21T10:04:14.8516468Z</lastSuccessEndTime>
  <receivedTime>2026-01-21T10:01:42.4296254Z</receivedTime>
  <startTime>2026-01-21T10:03:48.7601785Z</startTime>
  <endTime>2026-01-21T10:04:14.8516468Z</endTime>
  <complete>True</complete>
  <is_temp>False</is_temp>
  <is_readonly>False</is_readonly>
  <buildSummary />
</deployment>